"group","id_month","step_len_mean","step_len_sd","rel_angle_mean","rel_angle_sd"
"Guareí","Aug",12.5016125120523,14.9698620220814,0.0132568005131752,1.15904113683056
"Guareí","Jul",13.218082491256,16.7573525105354,-0.0419610395662143,1.1924714041332
"Guareí","Jun",13.7839845937565,16.7665238734334,0.104867508727229,1.18381130269114
"Guareí","May",13.50774205575,16.4927566875455,-0.0371470821521347,1.15232464852693
"Santa Maria","Apr",16.9686971001782,19.3069441859508,0.0668807252715804,1.13632182052523
"Santa Maria","Mar",17.315911117899,18.6242918443586,-0.0703227897901834,1.3123343588362
"Suzano","Dec",7.20288378943745,8.98575250958198,0.0451195933899456,0.80149871318659
"Suzano","Sep",6.57183976752961,9.23689551103509,0.156507719283065,1.02719959260309
"Taquara","Jan",21.5880957463605,20.6591474581308,0.0393436345344737,0.472817402111626
